{ "0": [ [ 17, 17, 17 ], [ 250, 250, 250 ], 0 ], "1": [ [ 17, 206, 116 ], [ 35, 31, 82 ], 42.509329462986486 ], "2": [ [ 99, 158, 96 ], [ 0, 27, 1 ], 39.661875800064436 ], "3": [ [ 0, 109, 79 ], [ 244, 237, 162 ], 40.38837700455037 ], "4": [ [ 0, 46, 40 ], [ 149, 168, 203 ], 30.81429281044336 ], "5": [ [ 238, 18, 172 ], [ 6, 18, 11 ], 55.61407090368482 ], "6": [ [ 16, 128, 132 ], [ 250, 253, 253 ], 29.98068263955064 ], "7": [ [ 201, 154, 221 ], [ 62, 11, 176 ], 32.38659927852458 ], "8": [ [ 175, 218, 255 ], [ 76, 1, 160 ], 35.863773703628496 ], "9": [ [ 28, 79, 123 ], [ 241, 188, 179 ], 34.17691439254506 ], "10": [ [ 20, 199, 37 ], [ 12, 43, 45 ], 35.761199762041564 ], "11": [ [ 34, 34, 146 ], [ 231, 189, 185 ], 40.096752956269455 ], "12": [ [ 65, 175, 190 ], [ 4, 45, 102 ], 22.185259404246235 ], "13": [ [ 48, 247, 118 ], [ 40, 54, 67 ], 28.558125236607687 ], "14": [ [ 209, 187, 232 ], [ 38, 18, 126 ], 33.01452283878394 ], "15": [ [ 78, 160, 130 ], [ 48, 14, 8 ], 50.99924632609224 ], "16": [ [ 2, 0, 220 ], [ 145, 201, 146 ], 59.194566689002244 ], "17": [ [ 103, 166, 217 ], [ 22, 19, 175 ], 33.09277002678505 ], "18": [ [ 76, 40, 7 ], [ 49, 198, 228 ], 59.850461616116846 ], "19": [ [ 148, 152, 167 ], [ 16, 31, 139 ], 38.47278421873527 ], "20": [ [ 232, 204, 172 ], [ 50, 16, 175 ], 45.89184849417166 ], "21": [ [ 126, 207, 118 ], [ 15, 52, 144 ], 44.35788186784638 ], "22": [ [ 202, 78, 100 ], [ 0, 5, 42 ], 62.936023922326115 ], "23": [ [ 59, 5, 203 ], [ 132, 212, 217 ], 40.87539805405714 ], "24": [ [ 188, 94, 115 ], [ 19, 2, 42 ], 39.01174751160045 ], "25": [ [ 151, 122, 80 ], [ 10, 17, 22 ], 30.523837763076234 ], "26": [ [ 23, 239, 79 ], [ 48, 71, 82 ], 35.02764313230274 ], "27": [ [ 244, 68, 229 ], [ 38, 39, 30 ], 27.71081670326269 ], "28": [ [ 93, 35, 133 ], [ 252, 149, 93 ], 36.45118810506339 ], "29": [ [ 3, 24, 51 ], [ 226, 243, 27 ], 65.1859189422345 ], "30": [ [ 173, 3, 182 ], [ 57, 253, 216 ], 53.90514762031685 ], "31": [ [ 156, 29, 2 ], [ 207, 240, 165 ], 45.72621566295559 ], "32": [ [ 206, 60, 99 ], [ 250, 253, 254 ], 27.23734526524643 ], "33": [ [ 12, 32, 35 ], [ 18, 173, 174 ], 10.279942451456634 ], "34": [ [ 224, 224, 224 ], [ 83, 58, 62 ], 9.204109679774819 ], "35": [ [ 152, 62, 81 ], [ 245, 235, 152 ], 19.654353273317536 ], "36": [ [ 31, 31, 98 ], [ 241, 217, 61 ], 55.284081315121924 ], "37": [ [ 4, 21, 219 ], [ 167, 245, 206 ], 50.13014323445148 ], "38": [ [ 114, 103, 158 ], [ 231, 255, 224 ], 13.473971176459457 ], "39": [ [ 33, 210, 80 ], [ 79, 45, 81 ], 47.91394351352115 ], "40": [ [ 198, 159, 207 ], [ 3, 11, 13 ], 27.301475132663327 ], "41": [ [ 244, 161, 171 ], [ 88, 13, 60 ], 21.43702461578084 ], "42": [ [ 73, 0, 174 ], [ 132, 231, 175 ], 48.15566950624584 ], "43": [ [ 79, 176, 139 ], [ 72, 40, 49 ], 30.972113693097512 ], "44": [ [ 130, 123, 109 ], [ 32, 6, 34 ], 29.280521587611712 ], "45": [ [ 145, 71, 120 ], [ 74, 255, 155 ], 39.91746779422938 ], "46": [ [ 186, 153, 216 ], [ 66, 21, 63 ], 16.131291747769552 ], "47": [ [ 39, 251, 32 ], [ 111, 78, 165 ], 57.744714369252804 ], "48": [ [ 90, 36, 99 ], [ 225, 186, 141 ], 24.403873654933157 ], "49": [ [ 3, 106, 144 ], [ 142, 255, 177 ], 29.852497857413486 ], "50": [ [ 143, 186, 207 ], [ 10, 27, 120 ], 35.861290130904656 ], "51": [ [ 17, 234, 23 ], [ 72, 45, 72 ], 59.27080636299263 ], "52": [ [ 243, 85, 103 ], [ 32, 22, 29 ], 19.940454756267943 ], "53": [ [ 72, 138, 233 ], [ 2, 29, 95 ], 19.25433862711436 ], "54": [ [ 103, 197, 232 ], [ 45, 21, 215 ], 34.18398871693295 ], "55": [ [ 49, 36, 70 ], [ 188, 181, 70 ], 34.57406160580985 ], "56": [ [ 25, 133, 210 ], [ 25, 2, 37 ], 39.141917448320704 ], "57": [ [ 236, 181, 152 ], [ 80, 26, 162 ], 37.746178999369455 ], "58": [ [ 223, 70, 81 ], [ 13, 15, 34 ], 46.50614141778415 ], "59": [ [ 201, 65, 53 ], [ 248, 251, 239 ], 31.866095513592388 ], "60": [ [ 100, 14, 76 ], [ 197, 194, 48 ], 42.69971119860099 ], "61": [ [ 179, 15, 0 ], [ 244, 219, 116 ], 41.260358185256145 ], "62": [ [ 83, 80, 115 ], [ 196, 238, 212 ], 11.573376325075868 ], "63": [ [ 67, 117, 189 ], [ 253, 255, 249 ], 22.353525251267424 ], "64": [ [ 207, 172, 1 ], [ 86, 29, 5 ], 21.28180005636608 ], "65": [ [ 41, 62, 87 ], [ 253, 252, 36 ], 44.823822996626866 ], "66": [ [ 122, 251, 199 ], [ 114, 66, 8 ], 44.85550187973963 ], "67": [ [ 149, 157, 240 ], [ 15, 36, 132 ], 27.193202517795672 ], "68": [ [ 193, 108, 64 ], [ 16, 10, 60 ], 56.42728153886235 ], "69": [ [ 223, 81, 110 ], [ 13, 15, 2 ], 33.82793760603922 ], "70": [ [ 85, 144, 89 ], [ 54, 6, 4 ], 55.73670483741361 ], "71": [ [ 135, 58, 154 ], [ 225, 247, 203 ], 24.095760900294216 ], "72": [ [ 6, 9, 97 ], [ 244, 246, 192 ], 54.7714522125549 ], "73": [ [ 224, 68, 179 ], [ 32, 0, 18 ], 16.198128843127776 ], "74": [ [ 112, 12, 224 ], [ 238, 205, 138 ], 45.74799162035624 ], "75": [ [ 205, 81, 163 ], [ 16, 13, 19 ], 14.824220089320313 ], "76": [ [ 3, 237, 252 ], [ 7, 12, 134 ], 38.18520091483285 ], "77": [ [ 9, 241, 95 ], [ 145, 1, 48 ], 81.12810668979769 ], "78": [ [ 177, 227, 227 ], [ 110, 79, 159 ], 16.277810885576397 ], "79": [ [ 48, 41, 237 ], [ 136, 253, 131 ], 51.73874791627518 ], "80": [ [ 77, 135, 99 ], [ 12, 1, 41 ], 49.460127858609354 ], "81": [ [ 29, 207, 245 ], [ 34, 5, 3 ], 75.63630444114695 ], "82": [ [ 65, 57, 19 ], [ 18, 188, 232 ], 52.02327195111834 ], "83": [ [ 8, 203, 71 ], [ 30, 40, 86 ], 47.49043287483727 ], "84": [ [ 197, 254, 106 ], [ 110, 73, 207 ], 41.58708174089086 ], "85": [ [ 16, 235, 35 ], [ 23, 38, 152 ], 67.19187464637147 ], "86": [ [ 122, 248, 236 ], [ 166, 56, 79 ], 40.9103107875419 ], "87": [ [ 35, 254, 50 ], [ 24, 72, 212 ], 59.643122498393765 ], "88": [ [ 183, 147, 137 ], [ 7, 13, 64 ], 47.933997748020964 ], "89": [ [ 197, 116, 176 ], [ 7, 6, 100 ], 47.22976873882735 ], "90": [ [ 52, 144, 249 ], [ 16, 20, 117 ], 20.25199870717605 ], "91": [ [ 97, 234, 233 ], [ 20, 61, 72 ], 6.441864400673703 ], "92": [ [ 77, 10, 172 ], [ 221, 206, 93 ], 53.98938730263791 ], "93": [ [ 82, 117, 4 ], [ 237, 246, 122 ], 20.043997291391964 ], "94": [ [ 199, 78, 100 ], [ 0, 4, 28 ], 62.20838850367935 ], "95": [ [ 243, 82, 171 ], [ 69, 7, 85 ], 19.499844173234848 ], "96": [ [ 28, 2, 208 ], [ 46, 250, 180 ], 53.12610278352624 ], "97": [ [ 62, 226, 36 ], [ 87, 61, 172 ], 58.041889391746736 ], "98": [ [ 19, 124, 67 ], [ 203, 254, 172 ], 26.35392505605335 ], "99": [ [ 222, 1, 19 ], [ 221, 249, 237 ], 53.77266122604658 ] }